id;titre;description;date_ajout
1;Bedfordshire optimizing South;optical Tasty override;2022-02-14T12:18:17
2;Consultant;invoice experiences payment;2022-02-14T01:05:42
3;Qatar dynamic;Salvador;2022-02-13T16:24:12
4;Branding;Investor quantifying generating;2022-02-13T20:43:18
5;Corporate;Liaison;2022-02-14T03:50:29
6;orchestrate Automotive monitor;Rustic;2022-02-13T15:23:13
7;Checking;Triple-buffered Pound;2022-02-14T08:40:10
8;Table Account Customer-focused;Automotive Shoes Soap;2022-02-13T18:25:22
9;Centralized Borders;Branding capacitor Account;2022-02-14T04:03:15
10;Auto Director proactive;International;2022-02-14T00:14:59
