id;nom;file;file_content_type
1;Concrete;../fake-data/blob/hipster.png;image/png
2;navigating;../fake-data/blob/hipster.png;image/png
3;connecting Keyboard;../fake-data/blob/hipster.png;image/png
4;incremental Handmade Computer;../fake-data/blob/hipster.png;image/png
5;radical granular Spurs;../fake-data/blob/hipster.png;image/png
6;sensor open-source;../fake-data/blob/hipster.png;image/png
7;analyzing Industrial;../fake-data/blob/hipster.png;image/png
8;Cedi;../fake-data/blob/hipster.png;image/png
9;multi-state;../fake-data/blob/hipster.png;image/png
10;database Square compressing;../fake-data/blob/hipster.png;image/png
